t,Y,A,A_rep,A_hid,L,Q,K,W,P,r,taua,abar,tauk,taul,WtaxRev,KtaxRev,WtaxRev_lost,KtaxRev_lost,G,lump_sum,ylbar,WtaxPct,ShelterPct,ShelterPctP99,TaxEvasionP99,ConcealPctP99,gini,p90,p99,p999,p9999,gini_total,p90_total,p99_total,p999_total,p9999_total,welfare,welfare0,approval,approval0,conceal_share_e,conceal_share_n,evasion_share_e,evasion_share_n,conceal_frac_e,conceal_frac_n,evasion_frac_e,evasion_frac_n,shelter_pct_e,shelter_pct_n,detection_rate,detection_revenue,wtax_evasion_elast
 0, 68.70875404,2.99793781,2.99793781,0.00000000,30.10276565,281.61833972,56.65823809,1.32381454,0.14967032,0.03609944,0.02000000,367.96823485,0.25000000,0.18601230,0.00000000,6.75288192,0.00000000,0.00000000,9.18363957,0.00000000,1.01507976,0.00000000,0.00000000,0.00000000,0.00000000,0.00000000,0.77950949,0.33764289,0.63573828,0.80001667,0.91848469,0.77950949,0.33764289,0.63573828,0.80001667,0.91848469,-23.88709353,-46.86196153,0.00000000,0.00000000,-nan,-nan,-nan,-nan,0.00000000,0.00000000,0.00000000,0.00000000,0.00000000,0.00000000,nan,0.00000000,-0.00000000
 1, 68.56089485,3.00440320,3.00440320,0.00000000,29.99115277,281.61818313,56.65860380,1.32588113,0.14934832,0.03591361,0.02000000,367.96823485,0.25000000,0.18601230,0.70989139,6.74485854,0.00000000,0.00000000,9.18363957,0.00905267,1.01507976,0.05496349,0.00000000,0.00000000,0.00000000,0.00000000,0.77950949,0.33764289,0.63573828,0.80001667,0.91848469,0.77950949,0.33764289,0.63573828,0.80001667,0.91848469,-23.38958341,-46.00518618,0.99898555,0.99962845,-nan,-nan,-nan,-nan,0.00000000,0.00000000,0.00000000,0.00000000,0.00000000,0.00000000,nan,0.00000000,-0.00000000
 2, 68.49311341,3.00304602,3.00304602,0.00000000,29.98204560,280.95931301,56.66207340,1.32497234,0.14951551,0.03582341,0.02000000,367.96823485,0.25000000,0.18601230,0.69757630,6.74657606,0.00000000,0.00000000,9.18363957,0.00860272,1.01507976,0.05475050,0.00000000,0.00000000,0.00000000,0.00000000,0.77874951,0.33858757,0.63714834,0.80162518,0.91939780,0.77874951,0.33858757,0.63714834,0.80162518,0.91939780,-23.40686144,-46.04921104,0.99912090,0.99962976,-nan,-nan,-nan,-nan,0.00000000,0.00000000,0.00000000,0.00000000,0.00000000,0.00000000,nan,0.00000000,0.80907294
 3, 68.43426026,3.00121999,3.00121999,0.00000000,29.97565192,280.40187770,56.62618571,1.32411350,0.14965397,0.03580382,0.02000000,367.96823485,0.25000000,0.18601230,0.68591883,6.74890252,0.00000000,0.00000000,9.18363957,0.00820169,1.01507976,0.05452547,0.00000000,0.00000000,0.00000000,0.00000000,0.77810297,0.33943109,0.63844079,0.80313151,0.92024622,0.77810297,0.33943109,0.63844079,0.80313151,0.92024622,-23.42353829,-46.09006267,0.99919863,0.99962976,-nan,-nan,-nan,-nan,0.00000000,0.00000000,0.00000000,0.00000000,0.00000000,0.00000000,nan,0.00000000,1.58836546
 4, 68.38344275,2.99909125,2.99909125,0.00000000,29.97184087,279.92504397,56.56816811,1.32330145,0.14977243,0.03582824,0.02000000,367.96823485,0.25000000,0.18601230,0.67489364,6.75151097,0.00000000,0.00000000,9.18363957,0.00784523,1.01507976,0.05429708,0.00000000,0.00000000,0.00000000,0.00000000,0.77754087,0.34018499,0.63963409,0.80455176,0.92110076,0.77754087,0.34018499,0.63963409,0.80455176,0.92110076,-23.43947293,-46.12791895,0.99926016,0.99962999,-nan,-nan,-nan,-nan,0.00000000,0.00000000,0.00000000,0.00000000,0.00000000,0.00000000,nan,0.00000000,2.33788124
 5, 68.33722169,2.99692176,2.99692176,0.00000000,29.96829399,279.51143231,56.49744279,1.32256678,0.14987091,0.03587782,0.02000000,367.96823485,0.25000000,0.18601230,0.66450907,6.75417916,0.00000000,0.00000000,9.18363957,0.00751799,1.01507976,0.05407142,0.00000000,0.00000000,0.00000000,0.00000000,0.77704943,0.34087325,0.64076566,0.80590197,0.92188617,0.77704943,0.34087325,0.64076566,0.80590197,0.92188617,-23.45465940,-46.16297225,0.99931765,0.99963090,-nan,-nan,-nan,-nan,0.00000000,0.00000000,0.00000000,0.00000000,0.00000000,0.00000000,nan,0.00000000,3.05733070
 6, 68.29559257,2.99471250,2.99471250,0.00000000,29.96564111,279.14258376,56.41892152,1.32187617,0.14995748,0.03594482,0.02000000,367.96823485,0.25000000,0.18601230,0.65473841,6.75697101,0.00000000,0.00000000,9.18363957,0.00721980,1.01507976,0.05384660,0.00000000,0.00000000,0.00000000,0.00000000,0.77661512,0.34149232,0.64180486,0.80717679,0.92263126,0.77661512,0.34149232,0.64180486,0.80717679,0.92263126,-23.46905696,-46.19551069,0.99934744,0.99963090,-nan,-nan,-nan,-nan,0.00000000,0.00000000,0.00000000,0.00000000,0.00000000,0.00000000,nan,0.00000000,3.74637101
 7, 68.25736774,2.99255749,2.99255749,0.00000000,29.96310593,278.81646164,56.33912906,1.32125105,0.15003166,0.03601857,0.02000000,367.96823485,0.25000000,0.18601230,0.64555675,6.75960720,0.00000000,0.00000000,9.18363957,0.00694449,1.01507976,0.05362233,0.00000000,0.00000000,0.00000000,0.00000000,0.77622859,0.34206241,0.64279134,0.80838258,0.92332381,0.77622859,0.34206241,0.64279134,0.80838258,0.92332381,-23.48263423,-46.22565362,0.99936825,0.99965357,-nan,-nan,-nan,-nan,0.00000000,0.00000000,0.00000000,0.00000000,0.00000000,0.00000000,nan,0.00000000,4.40553283
 8, 68.22262087,2.99043500,2.99043500,0.00000000,29.96118513,278.52221685,56.25864171,1.32066563,0.15009816,0.03609796,0.02000000,367.96823485,0.25000000,0.18601230,0.63693814,6.76221667,0.00000000,0.00000000,9.18363957,0.00669106,1.01507976,0.05340384,0.00000000,0.00000000,0.00000000,0.00000000,0.77588589,0.34255992,0.64371568,0.80952702,0.92398052,0.77588589,0.34255992,0.64371568,0.80952702,0.92398052,-23.49542864,-46.25371092,0.99938212,0.99965598,-nan,-nan,-nan,-nan,0.00000000,0.00000000,0.00000000,0.00000000,0.00000000,0.00000000,nan,0.00000000,5.03458280
 9, 68.19071599,2.98838040,2.98838040,0.00000000,29.95955385,278.25566740,56.17851966,1.32012092,0.15015743,0.03618050,0.02000000,367.96823485,0.25000000,0.18601230,0.62885342,6.76477309,0.00000000,0.00000000,9.18363957,0.00645871,1.01507976,0.05318632,0.00000000,0.00000000,0.00000000,0.00000000,0.77557788,0.34306436,0.64455524,0.81060513,0.92460258,0.77557788,0.34306436,0.64455524,0.81060513,0.92460258,-23.50745307,-46.27977841,0.99939384,0.99966617,-nan,-nan,-nan,-nan,0.00000000,0.00000000,0.00000000,0.00000000,0.00000000,0.00000000,nan,0.00000000,5.63420782
10, 68.16153089,2.98639452,2.98639452,0.00000000,29.95830514,278.01236198,56.10028114,1.31961052,0.15021132,0.03626373,0.02000000,367.96823485,0.25000000,0.18601230,0.62127062,6.76725954,0.00000000,0.00000000,9.18363957,0.00624368,1.01507976,0.05297439,0.00000000,0.00000000,0.00000000,0.00000000,0.77530176,0.34351242,0.64535566,0.81162621,0.92518511,0.77530176,0.34351242,0.64535566,0.81162621,0.92518511,-23.51875628,-46.30404036,0.99940578,0.99966617,-nan,-nan,-nan,-nan,0.00000000,0.00000000,0.00000000,0.00000000,0.00000000,0.00000000,nan,0.00000000,6.20514570
11, 68.13443524,2.98452377,2.98452377,0.00000000,29.95695635,277.79262203,56.02589783,1.31914704,0.15025870,0.03634403,0.02000000,367.96823485,0.25000000,0.18601230,0.61416291,6.76956484,0.00000000,0.00000000,9.18363957,0.00604464,1.01507976,0.05276556,0.00000000,0.00000000,0.00000000,0.00000000,0.77505140,0.34390320,0.64610861,0.81259487,0.92573333,0.77505140,0.34390320,0.64610861,0.81259487,0.92573333,-23.52934609,-46.32655194,0.99940849,0.99966617,-nan,-nan,-nan,-nan,0.00000000,0.00000000,0.00000000,0.00000000,0.00000000,0.00000000,nan,0.00000000,6.74825687
12, 68.11021229,2.98270286,2.98270286,0.00000000,29.95638899,277.59158063,55.95421303,1.31870433,0.15030334,0.03642400,0.02000000,367.96823485,0.25000000,0.18601230,0.60749066,6.77181934,0.00000000,0.00000000,9.18363957,0.00585990,1.01507976,0.05256088,0.00000000,0.00000000,0.00000000,0.00000000,0.77482553,0.34427282,0.64682793,0.81350657,0.92627540,0.77482553,0.34427282,0.64682793,0.81350657,0.92627540,-23.53926814,-46.34745119,0.99941044,0.99966617,-nan,-nan,-nan,-nan,0.00000000,0.00000000,0.00000000,0.00000000,0.00000000,0.00000000,nan,0.00000000,7.26455622
13, 68.08807829,2.98099504,2.98099504,0.00000000,29.95590565,277.40954686,55.88693783,1.31829873,0.15034343,0.03650003,0.02000000,367.96823485,0.25000000,0.18601230,0.60123135,6.77392403,0.00000000,0.00000000,9.18363957,0.00568993,1.01507976,0.05236243,0.00000000,0.00000000,0.00000000,0.00000000,0.77461959,0.34460535,0.64748055,0.81437067,0.92678355,0.77461959,0.34460535,0.64748055,0.81437067,0.92678355,-23.54849409,-46.36678404,0.99941287,0.99966674,-nan,-nan,-nan,-nan,0.00000000,0.00000000,0.00000000,0.00000000,0.00000000,0.00000000,nan,0.00000000,7.75504044
14, 68.06723271,2.97942222,2.97942222,0.00000000,29.95503031,277.24383485,55.82337068,1.31793356,0.15037823,0.03657201,0.02000000,367.96823485,0.25000000,0.18601230,0.59537082,6.77588563,0.00000000,0.00000000,9.18363957,0.00553187,1.01507976,0.05217064,0.00000000,0.00000000,0.00000000,0.00000000,0.77442827,0.34491651,0.64810511,0.81518804,0.92726246,0.77442827,0.34491651,0.64810511,0.81518804,0.92726246,-23.55704446,-46.38465602,0.99941491,0.99966674,-nan,-nan,-nan,-nan,0.00000000,0.00000000,0.00000000,0.00000000,0.00000000,0.00000000,nan,0.00000000,8.22018199
15, 68.04834908,2.97792438,2.97792438,0.00000000,29.95450834,277.09285756,55.76362117,1.31759244,0.15041042,0.03664083,0.02000000,367.96823485,0.25000000,0.18601230,0.58987785,6.77772975,0.00000000,0.00000000,9.18363957,0.00538564,1.01507976,0.05198413,0.00000000,0.00000000,0.00000000,0.00000000,0.77425316,0.34522162,0.64869399,0.81595816,0.92771411,0.77425316,0.34522162,0.64869399,0.81595816,0.92771411,-23.56500873,-46.40119496,0.99941549,0.99966985,-nan,-nan,-nan,-nan,0.00000000,0.00000000,0.00000000,0.00000000,0.00000000,0.00000000,nan,0.00000000,8.66088733
16, 68.03075970,2.97652867,2.97652867,0.00000000,29.95380985,276.95678184,55.70682384,1.31728409,0.15043821,0.03670686,0.02000000,367.96823485,0.25000000,0.18601230,0.58473066,6.77944799,0.00000000,0.00000000,9.18363957,0.00525043,1.01507976,0.05180296,0.00000000,0.00000000,0.00000000,0.00000000,0.77409282,0.34554094,0.64925170,0.81668795,0.92813009,0.77409282,0.34554094,0.64925170,0.81668795,0.92813009,-23.57241269,-46.41644733,0.99941553,0.99966985,-nan,-nan,-nan,-nan,0.00000000,0.00000000,0.00000000,0.00000000,0.00000000,0.00000000,nan,0.00000000,9.07838094
17, 68.01447447,2.97521786,2.97521786,0.00000000,29.95316762,276.83060730,55.65286090,1.31699594,0.15046376,0.03677008,0.02000000,367.96823485,0.25000000,0.18601230,0.57990828,6.78110536,0.00000000,0.00000000,9.18363957,0.00512557,1.01507976,0.05162755,0.00000000,0.00000000,0.00000000,0.00000000,0.77394461,0.34577671,0.64976745,0.81737530,0.92851490,0.77394461,0.34577671,0.64976745,0.81737530,0.92851490,-23.57929523,-46.43053906,0.99941388,0.99966985,-nan,-nan,-nan,-nan,0.00000000,0.00000000,0.00000000,0.00000000,0.00000000,0.00000000,nan,0.00000000,9.47351499
18, 68.00022840,2.97394736,2.97394736,0.00000000,29.95317207,276.71654955,55.60251176,1.31672177,0.15048827,0.03683059,0.02000000,367.96823485,0.25000000,0.18601230,0.57538713,6.78265540,0.00000000,0.00000000,9.18363957,0.00501174,1.01507976,0.05145924,0.00000000,0.00000000,0.00000000,0.00000000,0.77380790,0.34600508,0.65023766,0.81802395,0.92887383,0.77380790,0.34600508,0.65023766,0.81802395,0.92887383,-23.58568893,-46.44354193,0.99940978,0.99966985,-nan,-nan,-nan,-nan,0.00000000,0.00000000,0.00000000,0.00000000,0.00000000,0.00000000,nan,0.00000000,9.84688630
19, 67.98703616,2.97276480,2.97276480,0.00000000,29.95307621,276.61285914,55.55496574,1.31647135,0.15050993,0.03688810,0.02000000,367.96823485,0.25000000,0.18601230,0.57116117,6.78411661,0.00000000,0.00000000,9.18363957,0.00490625,1.01507976,0.05129645,0.00000000,0.00000000,0.00000000,0.00000000,0.77368078,0.34623616,0.65069052,0.81863372,0.92920627,0.77368078,0.34623616,0.65069052,0.81863372,0.92920627,-23.59160608,-46.45552752,0.99939772,0.99945609,-nan,-nan,-nan,-nan,0.00000000,0.00000000,0.00000000,0.00000000,0.00000000,0.00000000,nan,0.00000000,10.19897720
20, 67.97477675,2.97167085,2.97167085,0.00000000,29.95281630,276.52022387,55.51023879,1.31624694,0.15052835,0.03694253,0.02000000,367.96823485,0.25000000,0.18601230,0.56721376,6.78545535,0.00000000,0.00000000,9.18363957,0.00480766,1.01507976,0.05113958,0.00000000,0.00000000,0.00000000,0.00000000,0.77356229,0.34643873,0.65112207,0.81920855,0.92952135,0.77356229,0.34643873,0.65112207,0.81920855,0.92952135,-23.59709088,-46.46654600,0.99938592,0.99942043,-nan,-nan,-nan,-nan,0.00000000,0.00000000,0.00000000,0.00000000,0.00000000,0.00000000,nan,0.00000000,10.53061877
21, 67.96379404,2.97063391,2.97063391,0.00000000,29.95279273,276.43558715,55.46792642,1.31603550,0.15054552,0.03699481,0.02000000,367.96823485,0.25000000,0.18601230,0.56352551,6.78674671,0.00000000,0.00000000,9.18363957,0.00471750,1.01507976,0.05098907,0.00000000,0.00000000,0.00000000,0.00000000,0.77345304,0.34669861,0.65151129,0.81975472,0.92980223,0.77345304,0.34669861,0.65151129,0.81975472,0.92980223,-23.60218353,-46.47672394,0.99937265,0.99940771,-nan,-nan,-nan,-nan,0.00000000,0.00000000,0.00000000,0.00000000,0.00000000,0.00000000,nan,0.00000000,10.84256778
22, 67.95375543,2.96966923,2.96966923,0.00000000,29.95283328,276.35765810,55.42855252,1.31583893,0.15056144,0.03704372,0.02000000,367.96823485,0.25000000,0.18601230,0.56008843,6.78796159,0.00000000,0.00000000,9.18363957,0.00463469,1.01507976,0.05084816,0.00000000,0.00000000,0.00000000,0.00000000,0.77335002,0.34682717,0.65188261,0.82025292,0.93006481,0.77335002,0.34682717,0.65188261,0.82025292,0.93006481,-23.60688692,-46.48602968,0.99934954,0.99939340,-nan,-nan,-nan,-nan,0.00000000,0.00000000,0.00000000,0.00000000,0.00000000,0.00000000,nan,0.00000000,11.13522709
23, 67.94481530,2.96876203,2.96876203,0.00000000,29.95299554,276.28843262,55.39198367,1.31565922,0.15057564,0.03708976,0.02000000,367.96823485,0.25000000,0.18601230,0.55688465,6.78908591,0.00000000,0.00000000,9.18363957,0.00455940,1.01507976,0.05071042,0.00000000,0.00000000,0.00000000,0.00000000,0.77325360,0.34700599,0.65223299,0.82072925,0.93030706,0.77325360,0.34700599,0.65223299,0.82072925,0.93030706,-23.61124763,-46.49460364,0.99927523,0.99707029,-nan,-nan,-nan,-nan,0.00000000,0.00000000,0.00000000,0.00000000,0.00000000,0.00000000,nan,0.00000000,11.40962164
24, 67.93655256,2.96792556,2.96792556,0.00000000,29.95303128,276.22706500,55.35769517,1.31549870,0.15058755,0.03713318,0.02000000,367.96823485,0.25000000,0.18601230,0.55390559,6.79011223,0.00000000,0.00000000,9.18363957,0.00448985,1.01507976,0.05057919,0.00000000,0.00000000,0.00000000,0.00000000,0.77316269,0.34718917,0.65255323,0.82117275,0.93052954,0.77316269,0.34718917,0.65255323,0.82117275,0.93052954,-23.61528019,-46.50254293,0.99885499,0.99434614,-nan,-nan,-nan,-nan,0.00000000,0.00000000,0.00000000,0.00000000,0.00000000,0.00000000,nan,0.00000000,11.66633916
25, 67.92885654,2.96715716,2.96715716,0.00000000,29.95290432,276.17176691,55.32538990,1.31535469,0.15059756,0.03717414,0.02000000,367.96823485,0.25000000,0.18601230,0.55113198,6.79107315,0.00000000,0.00000000,9.18363957,0.00442486,1.01507976,0.05044903,0.00000000,0.00000000,0.00000000,0.00000000,0.77307949,0.34730182,0.65285750,0.82159499,0.93073694,0.77307949,0.34730182,0.65285750,0.82159499,0.93073694,-23.61904860,-46.50991223,0.99695356,0.92353847,-nan,-nan,-nan,-nan,0.00000000,0.00000000,0.00000000,0.00000000,0.00000000,0.00000000,nan,0.00000000,11.90683126
26, 67.92191366,2.96643605,2.96643605,0.00000000,29.95300662,276.11913780,55.29628453,1.31521615,0.15060804,0.03721114,0.02000000,367.96823485,0.25000000,0.18601230,0.54854859,6.79196958,0.00000000,0.00000000,9.18363957,0.00436558,1.01507976,0.05032215,0.00000000,0.00000000,0.00000000,0.00000000,0.77299847,0.34743505,0.65314488,0.82198413,0.93092451,0.77299847,0.34743505,0.65314488,0.82198413,0.93092451,-23.62253817,-46.51672652,0.99462913,0.91863306,-nan,-nan,-nan,-nan,0.00000000,0.00000000,0.00000000,0.00000000,0.00000000,0.00000000,nan,0.00000000,12.13197514
27, 67.91533637,2.96577188,2.96577188,0.00000000,29.95296300,276.07112919,55.26892230,1.31509091,0.15061705,0.03724588,0.02000000,367.96823485,0.25000000,0.18601230,0.54614253,6.79279815,0.00000000,0.00000000,9.18363957,0.00431057,1.01507976,0.05019845,0.00000000,0.00000000,0.00000000,0.00000000,0.77292058,0.34757109,0.65341663,0.82236127,0.93110053,0.77292058,0.34757109,0.65341663,0.82236127,0.93110053,-23.62576945,-46.52304847,0.99260409,0.88225803,-nan,-nan,-nan,-nan,0.00000000,0.00000000,0.00000000,0.00000000,0.00000000,0.00000000,nan,0.00000000,12.34295798
28, 67.90900664,2.96516143,2.96516143,0.00000000,29.95275568,276.02681203,55.24362614,1.31497824,0.15062488,0.03727775,0.02000000,367.96823485,0.25000000,0.18601230,0.54390398,6.79354832,0.00000000,0.00000000,9.18363957,0.00425835,1.01507976,0.05007653,0.00000000,0.00000000,0.00000000,0.00000000,0.77284667,0.34769974,0.65367231,0.82270176,0.93125679,0.77284667,0.34769974,0.65367231,0.82270176,0.93125679,-23.62879114,-46.52893464,0.99110516,0.87635713,-nan,-nan,-nan,-nan,0.00000000,0.00000000,0.00000000,0.00000000,0.00000000,0.00000000,nan,0.00000000,12.54054578
29, 67.90339332,2.96457518,2.96457518,0.00000000,29.95281857,275.98439966,55.21985396,1.31486641,0.15063321,0.03730808,0.02000000,367.96823485,0.25000000,0.18601230,0.54181984,6.79428962,0.00000000,0.00000000,9.18363957,0.00421058,1.01507976,0.04995933,0.00000000,0.00000000,0.00000000,0.00000000,0.77277467,0.34782137,0.65390786,0.82303107,0.93140469,0.77277467,0.34782137,0.65390786,0.82303107,0.93140469,-23.63160354,-46.53442865,0.98839344,0.87200799,-nan,-nan,-nan,-nan,0.00000000,0.00000000,0.00000000,0.00000000,0.00000000,0.00000000,nan,0.00000000,12.72532832
30, 67.89789509,2.96404780,2.96404780,0.00000000,29.95264204,275.94531938,55.19795904,1.31476766,0.15064021,0.03733564,0.02000000,367.96823485,0.25000000,0.18601230,0.53988191,6.79494994,0.00000000,0.00000000,9.18363957,0.00416598,1.01507976,0.04984581,0.00000000,0.00000000,0.00000000,0.00000000,0.77270594,0.34793284,0.65413345,0.82333950,0.93154766,0.77270594,0.34793284,0.65413345,0.82333950,0.93154766,-23.63421893,-46.53956519,0.98684138,0.86060101,-nan,-nan,-nan,-nan,0.00000000,0.00000000,0.00000000,0.00000000,0.00000000,0.00000000,nan,0.00000000,12.89820742
31, 67.89293407,2.96353966,2.96353966,0.00000000,29.95265722,275.90821923,55.17747507,1.31467104,0.15064744,0.03736168,0.02000000,367.96823485,0.25000000,0.18601230,0.53807214,6.79558202,0.00000000,0.00000000,9.18363957,0.00412459,1.01507976,0.04973733,0.00000000,0.00000000,0.00000000,0.00000000,0.77264012,0.34805150,0.65434690,0.82362587,0.93168048,0.77264012,0.34805150,0.65434690,0.82362587,0.93168048,-23.63667516,-46.54439398,0.98529739,0.85830279,-nan,-nan,-nan,-nan,0.00000000,0.00000000,0.00000000,0.00000000,0.00000000,0.00000000,nan,0.00000000,13.06034121
32, 67.88847169,2.96305774,2.96305774,0.00000000,29.95277798,275.87436364,55.15839493,1.31458021,0.15065428,0.03738622,0.02000000,367.96823485,0.25000000,0.18601230,0.53638376,6.79616781,0.00000000,0.00000000,9.18363957,0.00408661,1.01507976,0.04963144,0.00000000,0.00000000,0.00000000,0.00000000,0.77257660,0.34814615,0.65454780,0.82389237,0.93179390,0.77257660,0.34814615,0.65454780,0.82389237,0.93179390,-23.63896703,-46.54890637,0.98377922,0.85597247,-nan,-nan,-nan,-nan,0.00000000,0.00000000,0.00000000,0.00000000,0.00000000,0.00000000,nan,0.00000000,13.21223449
33, 67.88420317,2.96261473,2.96261473,0.00000000,29.95283796,275.84123175,55.14100713,1.31449459,0.15066105,0.03740825,0.02000000,367.96823485,0.25000000,0.18601230,0.53481065,6.79672726,0.00000000,0.00000000,9.18363957,0.00405044,1.01507976,0.04952901,0.00000000,0.00000000,0.00000000,0.00000000,0.77251485,0.34824374,0.65474358,0.82415318,0.93189981,0.77251485,0.34824374,0.65474358,0.82415318,0.93189981,-23.64109722,-46.55312836,0.98168386,0.85548011,-nan,-nan,-nan,-nan,0.00000000,0.00000000,0.00000000,0.00000000,0.00000000,0.00000000,nan,0.00000000,13.35449988
34, 67.88005595,2.96221237,2.96221237,0.00000000,29.95271587,275.81140073,55.12476567,1.31441974,0.15066652,0.03742867,0.02000000,367.96823485,0.25000000,0.18601230,0.53334663,6.79722718,0.00000000,0.00000000,9.18363957,0.00401708,1.01507976,0.04943146,0.00000000,0.00000000,0.00000000,0.00000000,0.77245503,0.34833699,0.65492213,0.82439168,0.93200095,0.77245503,0.34833699,0.65492213,0.82439168,0.93200095,-23.64307897,-46.55708155,0.98060481,0.85198784,-nan,-nan,-nan,-nan,0.00000000,0.00000000,0.00000000,0.00000000,0.00000000,0.00000000,nan,0.00000000,13.48759351
35, 67.87622831,2.96182416,2.96182416,0.00000000,29.95275343,275.78187388,55.10965423,1.31434430,0.15067259,0.03744774,0.02000000,367.96823485,0.25000000,0.18601230,0.53198044,6.79771141,0.00000000,0.00000000,9.18363957,0.00398678,1.01507976,0.04933680,0.00000000,0.00000000,0.00000000,0.00000000,0.77239742,0.34842933,0.65509638,0.82461381,0.93208468,0.77239742,0.34842933,0.65509638,0.82461381,0.93208468,-23.64494297,-46.56081368,0.97993225,0.84646714,-nan,-nan,-nan,-nan,0.00000000,0.00000000,0.00000000,0.00000000,0.00000000,0.00000000,nan,0.00000000,13.61227409
36, 67.87264224,2.96145408,2.96145408,0.00000000,29.95283317,275.75355107,55.09556086,1.31427183,0.15067861,0.03746552,0.02000000,367.96823485,0.25000000,0.18601230,0.53070462,6.79816557,0.00000000,0.00000000,9.18363957,0.00395766,1.01507976,0.04924512,0.00000000,0.00000000,0.00000000,0.00000000,0.77234265,0.34853204,0.65526230,0.82482542,0.93217561,0.77234265,0.34853204,0.65526230,0.82482542,0.93217561,-23.64670580,-46.56434950,0.97805047,0.84363055,-nan,-nan,-nan,-nan,0.00000000,0.00000000,0.00000000,0.00000000,0.00000000,0.00000000,nan,0.00000000,13.72919759
37, 67.86941873,2.96109961,2.96109961,0.00000000,29.95306892,275.72578580,55.08269856,1.31419950,0.15068516,0.03748182,0.02000000,367.96823485,0.25000000,0.18601230,0.52951075,6.79860077,0.00000000,0.00000000,9.18363957,0.00393087,1.01507976,0.04915801,0.00000000,0.00000000,0.00000000,0.00000000,0.77228841,0.34860514,0.65542860,0.82502450,0.93225013,0.77228841,0.34860514,0.65542860,0.82502450,0.93225013,-23.64834732,-46.56766209,0.97702990,0.84343468,-nan,-nan,-nan,-nan,0.00000000,0.00000000,0.00000000,0.00000000,0.00000000,0.00000000,nan,0.00000000,13.83893921
38, 67.86617598,2.96077610,2.96077610,0.00000000,29.95315696,275.69881501,55.07081420,1.31413289,0.15069123,0.03749652,0.02000000,367.96823485,0.25000000,0.18601230,0.52839633,6.79900297,0.00000000,0.00000000,9.18363957,0.00390511,1.01507976,0.04907393,0.00000000,0.00000000,0.00000000,0.00000000,0.77223663,0.34867778,0.65556593,0.82521671,0.93231021,0.77223663,0.34867778,0.65556593,0.82521671,0.93231021,-23.64988962,-46.57078225,0.97515076,0.84282450,-nan,-nan,-nan,-nan,0.00000000,0.00000000,0.00000000,0.00000000,0.00000000,0.00000000,nan,0.00000000,13.94189866
39, 67.86304439,2.96047561,2.96047561,0.00000000,29.95319231,275.67303995,55.05969993,1.31407054,0.15069694,0.03751013,0.02000000,367.96823485,0.25000000,0.18601230,0.52735702,6.79938005,0.00000000,0.00000000,9.18363957,0.00388039,1.01507976,0.04899355,0.00000000,0.00000000,0.00000000,0.00000000,0.77218671,0.34876221,0.65571143,0.82539011,0.93237185,0.77218671,0.34876221,0.65571143,0.82539011,0.93237185,-23.65134184,-46.57370279,0.97401493,0.84272845,-nan,-nan,-nan,-nan,0.00000000,0.00000000,0.00000000,0.00000000,0.00000000,0.00000000,nan,0.00000000,14.03829665
40, 67.86022722,2.96018777,2.96018777,0.00000000,29.95333569,275.64865557,55.04949534,1.31401003,0.15070272,0.03752274,0.02000000,367.96823485,0.25000000,0.18601230,0.52638487,6.79973345,0.00000000,0.00000000,9.18363957,0.00385749,1.01507976,0.04891644,0.00000000,0.00000000,0.00000000,0.00000000,0.77213844,0.34882607,0.65585304,0.82556163,0.93242668,0.77213844,0.34882607,0.65585304,0.82556163,0.93242668,-23.65270222,-46.57645403,0.97330803,0.84200331,-nan,-nan,-nan,-nan,0.00000000,0.00000000,0.00000000,0.00000000,0.00000000,0.00000000,nan,0.00000000,14.12863614
41, 67.85734986,2.95993081,2.95993081,0.00000000,29.95330307,275.62504379,55.03997465,1.31395523,0.15070789,0.03753413,0.02000000,367.96823485,0.25000000,0.18601230,0.52547879,6.80006373,0.00000000,0.00000000,9.18363957,0.00383543,1.01507976,0.04884307,0.00000000,0.00000000,0.00000000,0.00000000,0.77209107,0.34893872,0.65598718,0.82571419,0.93247015,0.77209107,0.34893872,0.65598718,0.82571419,0.93247015,-23.65396320,-46.57903912,0.97283539,0.83627821,-nan,-nan,-nan,-nan,0.00000000,0.00000000,0.00000000,0.00000000,0.00000000,0.00000000,nan,0.00000000,14.21323323
42, 67.85475494,2.95968127,2.95968127,0.00000000,29.95339743,275.60239754,55.03126328,1.31390104,0.15071329,0.03754466,0.02000000,367.96823485,0.25000000,0.18601230,0.52463103,6.80037229,0.00000000,0.00000000,9.18363957,0.00381544,1.01507976,0.04877266,0.00000000,0.00000000,0.00000000,0.00000000,0.77204533,0.34899719,0.65610330,0.82586563,0.93253871,0.77204533,0.34899719,0.65610330,0.82586563,0.93253871,-23.65515067,-46.58149214,0.97249335,0.83611449,-nan,-nan,-nan,-nan,0.00000000,0.00000000,0.00000000,0.00000000,0.00000000,0.00000000,nan,0.00000000,14.29249054
43, 67.85223808,2.95944966,2.95944966,0.00000000,29.95344441,275.58066065,55.02320791,1.31385035,0.15071841,0.03755423,0.02000000,367.96823485,0.25000000,0.18601230,0.52383764,6.80065994,0.00000000,0.00000000,9.18363957,0.00379654,1.01507976,0.04870451,0.00000000,0.00000000,0.00000000,0.00000000,0.77200089,0.34905372,0.65622460,0.82600294,0.93256637,0.77200089,0.34905372,0.65622460,0.82600294,0.93256637,-23.65626587,-46.58380074,0.97167683,0.83350931,-nan,-nan,-nan,-nan,0.00000000,0.00000000,0.00000000,0.00000000,0.00000000,0.00000000,nan,0.00000000,14.36688646
44, 67.84962084,2.95923833,2.95923833,0.00000000,29.95334210,275.55921656,55.01553176,1.31380357,0.15072308,0.03756303,0.02000000,367.96823485,0.25000000,0.18601230,0.52309644,6.80093324,0.00000000,0.00000000,9.18363957,0.00377790,1.01507976,0.04863947,0.00000000,0.00000000,0.00000000,0.00000000,0.77195817,0.34910695,0.65634078,0.82613466,0.93259674,0.77195817,0.34910695,0.65634078,0.82613466,0.93259674,-23.65731534,-46.58599963,0.96985024,0.83344732,-nan,-nan,-nan,-nan,0.00000000,0.00000000,0.00000000,0.00000000,0.00000000,0.00000000,nan,0.00000000,14.43672148
45, 67.84710092,2.95903392,2.95903392,0.00000000,29.95326380,275.53848085,55.00837853,1.31375839,0.15072771,0.03757118,0.02000000,367.96823485,0.25000000,0.18601230,0.52240183,6.80118310,0.00000000,0.00000000,9.18363957,0.00376022,1.01507976,0.04857778,0.00000000,0.00000000,0.00000000,0.00000000,0.77191809,0.34915742,0.65645477,0.82625730,0.93263498,0.77191809,0.34915742,0.65645477,0.82625730,0.93263498,-23.65831338,-46.58810716,0.96914063,0.83324847,-nan,-nan,-nan,-nan,0.00000000,0.00000000,0.00000000,0.00000000,0.00000000,0.00000000,nan,0.00000000,14.50233789
46, 67.84468474,2.95883399,2.95883399,0.00000000,29.95322919,275.51817196,55.00149353,1.31371355,0.15073239,0.03757905,0.02000000,367.96823485,0.25000000,0.18601230,0.52174954,6.80142431,0.00000000,0.00000000,9.18363957,0.00374276,1.01507976,0.04851924,0.00000000,0.00000000,0.00000000,0.00000000,0.77187968,0.34920713,0.65655658,0.82637484,0.93267784,0.77187968,0.34920713,0.65655658,0.82637484,0.93267784,-23.65926086,-46.59013560,0.96861646,0.83311317,-nan,-nan,-nan,-nan,0.00000000,0.00000000,0.00000000,0.00000000,0.00000000,0.00000000,nan,0.00000000,14.56406969
47, 67.84223002,2.95865499,2.95865499,0.00000000,29.95309351,275.49804130,54.99517161,1.31367182,0.15073684,0.03758594,0.02000000,367.96823485,0.25000000,0.18601230,0.52113847,6.80165216,0.00000000,0.00000000,9.18363957,0.00372617,1.01507976,0.04846333,0.00000000,0.00000000,0.00000000,0.00000000,0.77184234,0.34928989,0.65667205,0.82648440,0.93269500,0.77184234,0.34928989,0.65667205,0.82648440,0.93269500,-23.66014714,-46.59203591,0.96801434,0.83297426,-nan,-nan,-nan,-nan,0.00000000,0.00000000,0.00000000,0.00000000,0.00000000,0.00000000,nan,0.00000000,14.62212755
48, 67.83990791,2.95847974,2.95847974,0.00000000,29.95300138,275.47872343,54.98911106,1.31363108,0.15074121,0.03759260,0.02000000,367.96823485,0.25000000,0.18601230,0.52056572,6.80186843,0.00000000,0.00000000,9.18363957,0.00371012,1.01507976,0.04841036,0.00000000,0.00000000,0.00000000,0.00000000,0.77180740,0.34933353,0.65675915,0.82659323,0.93272993,0.77180740,0.34933353,0.65675915,0.82659323,0.93272993,-23.66099256,-46.59384671,0.96752638,0.83267803,-nan,-nan,-nan,-nan,0.00000000,0.00000000,0.00000000,0.00000000,0.00000000,0.00000000,nan,0.00000000,14.67663949
49, 67.83761513,2.95831470,2.95831470,0.00000000,29.95286765,275.45989792,54.98323245,1.31359226,0.15074535,0.03759899,0.02000000,367.96823485,0.25000000,0.18601230,0.52002929,6.80207829,0.00000000,0.00000000,9.18363957,0.00369447,1.01507976,0.04835985,0.00000000,0.00000000,0.00000000,0.00000000,0.77177472,0.34937436,0.65686405,0.82668334,0.93274903,0.77177472,0.34937436,0.65686405,0.82668334,0.93274903,-23.66178822,-46.59555095,0.96665098,0.83211501,-nan,-nan,-nan,-nan,0.00000000,0.00000000,0.00000000,0.00000000,0.00000000,0.00000000,nan,0.00000000,14.72784017
50, 67.83549357,2.95815532,2.95815532,0.00000000,29.95279820,275.44182712,54.97778607,1.31355423,0.15074954,0.03760493,0.02000000,367.96823485,0.25000000,0.18601230,0.51952504,6.80227684,0.00000000,0.00000000,9.18363957,0.00368006,1.01507976,0.04831156,0.00000000,0.00000000,0.00000000,0.00000000,0.77174399,0.34941234,0.65694408,0.82677985,0.93277501,0.77174399,0.34941234,0.65694408,0.82677985,0.93277501,-23.66253638,-46.59715259,0.96605537,0.83211319,-nan,-nan,-nan,-nan,0.00000000,0.00000000,0.00000000,0.00000000,0.00000000,0.00000000,nan,0.00000000,14.77599064
51, 67.83335688,2.95800765,2.95800765,0.00000000,29.95265641,275.42454326,54.97261147,1.31351929,0.15075333,0.03761043,0.02000000,367.96823485,0.25000000,0.18601230,0.51905263,6.80245763,0.00000000,0.00000000,9.18363957,0.00366608,1.01507976,0.04826557,0.00000000,0.00000000,0.00000000,0.00000000,0.77171511,0.34944760,0.65702178,0.82686408,0.93280282,0.77171511,0.34944760,0.65702178,0.82686408,0.93280282,-23.66323564,-46.59867701,0.96546621,0.83208392,-nan,-nan,-nan,-nan,0.00000000,0.00000000,0.00000000,0.00000000,0.00000000,0.00000000,nan,0.00000000,14.82124152
52, 67.83127616,2.95786597,2.95786597,0.00000000,29.95251585,275.40754229,54.96762253,1.31348512,0.15075708,0.03761569,0.02000000,367.96823485,0.25000000,0.18601230,0.51860960,6.80263529,0.00000000,0.00000000,9.18363957,0.00365262,1.01507976,0.04822183,0.00000000,0.00000000,0.00000000,0.00000000,0.77168806,0.34952371,0.65710387,0.82694773,0.93283736,0.77168806,0.34952371,0.65710387,0.82694773,0.93283736,-23.66389695,-46.60013174,0.96492373,0.83206773,-nan,-nan,-nan,-nan,0.00000000,0.00000000,0.00000000,0.00000000,0.00000000,0.00000000,nan,0.00000000,14.86376400
53, 67.82928581,2.95772881,2.95772881,0.00000000,29.95239462,275.39113626,54.96283054,1.31345192,0.15076074,0.03762076,0.02000000,367.96823485,0.25000000,0.18601230,0.51819441,6.80280590,0.00000000,0.00000000,9.18363957,0.00363988,1.01507976,0.04818056,0.00000000,0.00000000,0.00000000,0.00000000,0.77166225,0.34955493,0.65718647,0.82701895,0.93283605,0.77166225,0.34955493,0.65718647,0.82701895,0.93283605,-23.66451282,-46.60151360,0.96457829,0.83201738,-nan,-nan,-nan,-nan,0.00000000,0.00000000,0.00000000,0.00000000,0.00000000,0.00000000,nan,0.00000000,14.90367376
54, 67.82732250,2.95759944,2.95759944,0.00000000,29.95224023,275.37541438,54.95816522,1.31342068,0.15076412,0.03762566,0.02000000,367.96823485,0.25000000,0.18601230,0.51780609,6.80296670,0.00000000,0.00000000,9.18363957,0.00362765,1.01507976,0.04814141,0.00000000,0.00000000,0.00000000,0.00000000,0.77163805,0.34958375,0.65726562,0.82709792,0.93286149,0.77163805,0.34958375,0.65726562,0.82709792,0.93286149,-23.66509126,-46.60283229,0.96441025,0.82991933,-nan,-nan,-nan,-nan,0.00000000,0.00000000,0.00000000,0.00000000,0.00000000,0.00000000,nan,0.00000000,14.94109241
55, 67.82556599,2.95746905,2.95746905,0.00000000,29.95219742,275.36068255,54.95376960,1.31338942,0.15076759,0.03763046,0.02000000,367.96823485,0.25000000,0.18601230,0.51744214,6.80311460,0.00000000,0.00000000,9.18363957,0.00361614,1.01507976,0.04810453,0.00000000,0.00000000,0.00000000,0.00000000,0.77161559,0.34961031,0.65732779,0.82715800,0.93288443,0.77161559,0.34961031,0.65732779,0.82715800,0.93288443,-23.66563971,-46.60409905,0.96408358,0.82921700,-nan,-nan,-nan,-nan,0.00000000,0.00000000,0.00000000,0.00000000,0.00000000,0.00000000,nan,0.00000000,14.97612350
56, 67.82368309,2.95735568,2.95735568,0.00000000,29.95200829,275.34545242,54.94924178,1.31335996,0.15077075,0.03763516,0.02000000,367.96823485,0.25000000,0.18601230,0.51710373,6.80328138,0.00000000,0.00000000,9.18363957,0.00360507,1.01507976,0.04806959,0.00000000,0.00000000,0.00000000,0.00000000,0.77159471,0.34963488,0.65739368,0.82722350,0.93290640,0.77159471,0.34963488,0.65739368,0.82722350,0.93290640,-23.66615247,-46.60530428,0.96381639,0.82915787,-nan,-nan,-nan,-nan,0.00000000,0.00000000,0.00000000,0.00000000,0.00000000,0.00000000,nan,0.00000000,15.00889509
57, 67.82196426,2.95724232,2.95724232,0.00000000,29.95186850,275.33222674,54.94505068,1.31333337,0.15077351,0.03763966,0.02000000,367.96823485,0.25000000,0.18601230,0.51678789,6.80341117,0.00000000,0.00000000,9.18363957,0.00359383,1.01507976,0.04803620,0.00000000,0.00000000,0.00000000,0.00000000,0.77157563,0.34967298,0.65745340,0.82728559,0.93290257,0.77157563,0.34967298,0.65745340,0.82728559,0.93290257,-23.66662974,-46.60643439,0.96360719,0.82915787,-nan,-nan,-nan,-nan,0.00000000,0.00000000,0.00000000,0.00000000,0.00000000,0.00000000,nan,0.00000000,15.03947337
58, 67.82031513,2.95713601,2.95713601,0.00000000,29.95172403,275.31942985,54.94082349,1.31330756,0.15077613,0.03764426,0.02000000,367.96823485,0.25000000,0.18601230,0.51649435,6.80354802,0.00000000,0.00000000,9.18363957,0.00358369,1.01507976,0.04800444,0.00000000,0.00000000,0.00000000,0.00000000,0.77155774,0.34969393,0.65751172,0.82733561,0.93291387,0.77155774,0.34969393,0.65751172,0.82733561,0.93291387,-23.66706506,-46.60749284,0.96346092,0.82915583,-nan,-nan,-nan,-nan,0.00000000,0.00000000,0.00000000,0.00000000,0.00000000,0.00000000,nan,0.00000000,15.06794516
59, 67.81881732,2.95703323,2.95703323,0.00000000,29.95162241,275.30785604,54.93683889,1.31328337,0.15077855,0.03764871,0.02000000,367.96823485,0.25000000,0.18601230,0.51622177,6.80367196,0.00000000,0.00000000,9.18363957,0.00357423,1.01507976,0.04797453,0.00000000,0.00000000,0.00000000,0.00000000,0.77154149,0.34972753,0.65757010,0.82738770,0.93293531,0.77154149,0.34972753,0.65757010,0.82738770,0.93293531,-23.66747336,-46.60849349,0.96312832,0.82913455,-nan,-nan,-nan,-nan,0.00000000,0.00000000,0.00000000,0.00000000,0.00000000,0.00000000,nan,0.00000000,15.09437017
60, 67.81742302,2.95693729,2.95693729,0.00000000,29.95153156,275.29686521,54.93300140,1.31326023,0.15078085,0.03765302,0.02000000,367.96823485,0.25000000,0.18601230,0.51596930,6.80379536,0.00000000,0.00000000,9.18363957,0.00356528,1.01507976,0.04794643,0.00000000,0.00000000,0.00000000,0.00000000,0.77152631,0.34974533,0.65762423,0.82744113,0.93294553,0.77152631,0.34974533,0.65762423,0.82744113,0.93294553,-23.66784464,-46.60941610,0.96291171,0.82912912,-nan,-nan,-nan,-nan,0.00000000,0.00000000,0.00000000,0.00000000,0.00000000,0.00000000,nan,0.00000000,15.11886488
61, 67.81619210,2.95684686,2.95684686,0.00000000,29.95148106,275.28705515,54.92941775,1.31323872,0.15078297,0.03765716,0.02000000,367.96823485,0.25000000,0.18601230,0.51573576,6.80390929,0.00000000,0.00000000,9.18363957,0.00355722,1.01507976,0.04791996,0.00000000,0.00000000,0.00000000,0.00000000,0.77151268,0.34976279,0.65766966,0.82748356,0.93295500,0.77151268,0.34976279,0.65766966,0.82748356,0.93295500,-23.66818817,-46.61027113,0.96261455,0.82912912,-nan,-nan,-nan,-nan,0.00000000,0.00000000,0.00000000,0.00000000,0.00000000,0.00000000,nan,0.00000000,15.14149586
62, 67.81514083,2.95676211,2.95676211,0.00000000,29.95146579,275.27860127,54.92608387,1.31321925,0.15078482,0.03766113,0.02000000,367.96823485,0.25000000,0.18601230,0.51552108,6.80401280,0.00000000,0.00000000,9.18363957,0.00354978,1.01507976,0.04789524,0.00000000,0.00000000,0.00000000,0.00000000,0.77150055,0.34979155,0.65771646,0.82751932,0.93297801,0.77150055,0.34979155,0.65771646,0.82751932,0.93297801,-23.66849987,-46.61103674,0.96231616,0.82912912,-nan,-nan,-nan,-nan,0.00000000,0.00000000,0.00000000,0.00000000,0.00000000,0.00000000,nan,0.00000000,15.16225610
63, 67.81409478,2.95669094,2.95669094,0.00000000,29.95136221,275.27091265,54.92291936,1.31320301,0.15078622,0.03766479,0.02000000,367.96823485,0.25000000,0.18601230,0.51532456,6.80411155,0.00000000,0.00000000,9.18363957,0.00354305,1.01507976,0.04787212,0.00000000,0.00000000,0.00000000,0.00000000,0.77148885,0.34981618,0.65777093,0.82755804,0.93296643,0.77148885,0.34981618,0.65777093,0.82755804,0.93296643,-23.66877396,-46.61171202,0.96195345,0.82907575,-nan,-nan,-nan,-nan,0.00000000,0.00000000,0.00000000,0.00000000,0.00000000,0.00000000,nan,0.00000000,15.18133110
64, 67.81314973,2.95662497,2.95662497,0.00000000,29.95126529,275.26419044,54.92003000,1.31318870,0.15078741,0.03766817,0.02000000,367.96823485,0.25000000,0.18601230,0.51514552,6.80419840,0.00000000,0.00000000,9.18363957,0.00353687,1.01507976,0.04785056,0.00000000,0.00000000,0.00000000,0.00000000,0.77147824,0.34982736,0.65780643,0.82760121,0.93297814,0.77147824,0.34982736,0.65780643,0.82760121,0.93297814,-23.66903053,-46.61231477,0.96188042,0.82600260,-nan,-nan,-nan,-nan,0.00000000,0.00000000,0.00000000,0.00000000,0.00000000,0.00000000,nan,0.00000000,15.19870981
65, 67.81238193,2.95655877,2.95655877,0.00000000,29.95123570,275.25856258,54.91731077,1.31317527,0.15078849,0.03767152,0.02000000,367.96823485,0.25000000,0.18601230,0.51497981,6.80427737,0.00000000,0.00000000,9.18363957,0.00353152,1.01507976,0.04783025,0.00000000,0.00000000,0.00000000,0.00000000,0.77146827,0.34988578,0.65785728,0.82762637,0.93297868,0.77146827,0.34988578,0.65785728,0.82762637,0.93297868,-23.66925950,-46.61285264,0.96183732,0.82600260,-nan,-nan,-nan,-nan,0.00000000,0.00000000,0.00000000,0.00000000,0.00000000,0.00000000,nan,0.00000000,15.21471770
66, 67.81167323,2.95649861,2.95649861,0.00000000,29.95119446,275.25354871,54.91468900,1.31316324,0.15078937,0.03767479,0.02000000,367.96823485,0.25000000,0.18601230,0.51482806,6.80435305,0.00000000,0.00000000,9.18363957,0.00352671,1.01507976,0.04781102,0.00000000,0.00000000,0.00000000,0.00000000,0.77145869,0.34989571,0.65788837,0.82765748,0.93298801,0.77145869,0.34989571,0.65788837,0.82765748,0.93298801,-23.66946349,-46.61333706,0.96167961,0.82600260,-nan,-nan,-nan,-nan,0.00000000,0.00000000,0.00000000,0.00000000,0.00000000,0.00000000,nan,0.00000000,15.22938471
67, 67.81098842,2.95644549,2.95644549,0.00000000,29.95112435,275.24897532,54.91223428,1.31315277,0.15079007,0.03767780,0.02000000,367.96823485,0.25000000,0.18601230,0.51469045,6.80442352,0.00000000,0.00000000,9.18363957,0.00352224,1.01507976,0.04779306,0.00000000,0.00000000,0.00000000,0.00000000,0.77144969,0.34990485,0.65791753,0.82768526,0.93299303,0.77144969,0.34990485,0.65791753,0.82768526,0.93299303,-23.66964765,-46.61377281,0.96156786,0.82600260,-nan,-nan,-nan,-nan,0.00000000,0.00000000,0.00000000,0.00000000,0.00000000,0.00000000,nan,0.00000000,15.24271649
68, 67.81036535,2.95639625,2.95639625,0.00000000,29.95106205,275.24486437,54.90988796,1.31314310,0.15079067,0.03768072,0.02000000,367.96823485,0.25000000,0.18601230,0.51456429,6.80449030,0.00000000,0.00000000,9.18363957,0.00351827,1.01507976,0.04777644,0.00000000,0.00000000,0.00000000,0.00000000,0.77144127,0.34991290,0.65794475,0.82771065,0.93300461,0.77144127,0.34991290,0.65794475,0.82771065,0.93300461,-23.66981806,-46.61416972,0.96152231,0.82600260,-nan,-nan,-nan,-nan,0.00000000,0.00000000,0.00000000,0.00000000,0.00000000,0.00000000,nan,0.00000000,15.25490540
69, 67.80988871,2.95634715,2.95634715,0.00000000,29.95107697,275.24139855,54.90787748,1.31313361,0.15079137,0.03768334,0.02000000,367.96823485,0.25000000,0.18601230,0.51444829,6.80454684,0.00000000,0.00000000,9.18363957,0.00351480,1.01507976,0.04776093,0.00000000,0.00000000,0.00000000,0.00000000,0.77143409,0.34991929,0.65797470,0.82773403,0.93299879,0.77143409,0.34991929,0.65797470,0.82773403,0.93299879,-23.66997908,-46.61452793,0.96141490,0.82600260,-nan,-nan,-nan,-nan,0.00000000,0.00000000,0.00000000,0.00000000,0.00000000,0.00000000,nan,0.00000000,15.26603738
70, 67.80941722,2.95630521,2.95630521,0.00000000,29.95105102,275.23832453,54.90607041,1.31312588,0.15079187,0.03768563,0.02000000,367.96823485,0.25000000,0.18601230,0.51434313,6.80459603,0.00000000,0.00000000,9.18363957,0.00351150,1.01507976,0.04774635,0.00000000,0.00000000,0.00000000,0.00000000,0.77142771,0.34992501,0.65800533,0.82775668,0.93300587,0.77142771,0.34992501,0.65800533,0.82775668,0.93300587,-23.67012492,-46.61485764,0.96125629,0.82600260,-nan,-nan,-nan,-nan,0.00000000,0.00000000,0.00000000,0.00000000,0.00000000,0.00000000,nan,0.00000000,15.27615839
71, 67.80895645,2.95626926,2.95626926,0.00000000,29.95098604,275.23562542,54.90430660,1.31311960,0.15079215,0.03768784,0.02000000,367.96823485,0.25000000,0.18601230,0.51424846,6.80464414,0.00000000,0.00000000,9.18363957,0.00350853,1.01507976,0.04773286,0.00000000,0.00000000,0.00000000,0.00000000,0.77142150,0.34992986,0.65803685,0.82777499,0.93301372,0.77142150,0.34992986,0.65803685,0.82777499,0.93301372,-23.67025635,-46.61515132,0.96120632,0.82600260,-nan,-nan,-nan,-nan,0.00000000,0.00000000,0.00000000,0.00000000,0.00000000,0.00000000,nan,0.00000000,15.28529182
72, 67.80861771,2.95623237,2.95623237,0.00000000,29.95099076,275.23339299,54.90281883,1.31311326,0.15079255,0.03768981,0.02000000,367.96823485,0.25000000,0.18601230,0.51416192,6.80468233,0.00000000,0.00000000,9.18363957,0.00350590,1.01507976,0.04772015,0.00000000,0.00000000,0.00000000,0.00000000,0.77141539,0.34993668,0.65805781,0.82779194,0.93302014,0.77141539,0.34993668,0.65805781,0.82779194,0.93302014,-23.67037454,-46.61541767,0.96120631,0.82600260,-nan,-nan,-nan,-nan,0.00000000,0.00000000,0.00000000,0.00000000,0.00000000,0.00000000,nan,0.00000000,15.29358738
73, 67.80820416,2.95620444,2.95620444,0.00000000,29.95092171,275.23110191,54.90142181,1.31310833,0.15079276,0.03769151,0.02000000,367.96823485,0.25000000,0.18601230,0.51408430,6.80471877,0.00000000,0.00000000,9.18363957,0.00350348,1.01507976,0.04770823,0.00000000,0.00000000,0.00000000,0.00000000,0.77140922,0.34998753,0.65808959,0.82780905,0.93301098,0.77140922,0.34998753,0.65808959,0.82780905,0.93301098,-23.67048469,-46.61565686,0.96114181,0.82589485,-nan,-nan,-nan,-nan,0.00000000,0.00000000,0.00000000,0.00000000,0.00000000,0.00000000,nan,0.00000000,15.30111044
74, 67.80789809,2.95617390,2.95617390,0.00000000,29.95092130,275.22907851,54.90017924,1.31310283,0.15079313,0.03769313,0.02000000,367.96823485,0.25000000,0.18601230,0.51401380,6.80475069,0.00000000,0.00000000,9.18363957,0.00350129,1.01507976,0.04769733,0.00000000,0.00000000,0.00000000,0.00000000,0.77140341,0.34999173,0.65810830,0.82782361,0.93301625,0.77140341,0.34999173,0.65810830,0.82782361,0.93301625,-23.67059128,-46.61588478,0.96105452,0.82589485,-nan,-nan,-nan,-nan,0.00000000,0.00000000,0.00000000,0.00000000,0.00000000,0.00000000,nan,0.00000000,15.30790263
75, 67.80757923,2.95614752,2.95614752,0.00000000,29.95089567,275.22680762,54.89891213,1.31309738,0.15079349,0.03769471,0.02000000,367.96823485,0.25000000,0.18601230,0.51395141,6.80479095,0.00000000,0.00000000,9.18363957,0.00349944,1.01507976,0.04768765,0.00000000,0.00000000,0.00000000,0.00000000,0.77139779,0.34999612,0.65812670,0.82784409,0.93302080,0.77139779,0.34999612,0.65812670,0.82784409,0.93302080,-23.67069009,-46.61610337,0.96102516,0.82589485,-nan,-nan,-nan,-nan,0.00000000,0.00000000,0.00000000,0.00000000,0.00000000,0.00000000,nan,0.00000000,15.31394633
76, 67.80730269,2.95612194,2.95612194,0.00000000,29.95088128,275.22495373,54.89781950,1.31309271,0.15079380,0.03769610,0.02000000,367.96823485,0.25000000,0.18601230,0.51389463,6.80482103,0.00000000,0.00000000,9.18363957,0.00349772,1.01507976,0.04767859,0.00000000,0.00000000,0.00000000,0.00000000,0.77139239,0.35000075,0.65814635,0.82785571,0.93302529,0.77139239,0.35000075,0.65814635,0.82785571,0.93302529,-23.67078319,-46.61631549,0.96099083,0.82589485,-nan,-nan,-nan,-nan,0.00000000,0.00000000,0.00000000,0.00000000,0.00000000,0.00000000,nan,0.00000000,15.31943992
77, 67.80701390,2.95609947,2.95609947,0.00000000,29.95084323,275.22317026,54.89676773,1.31308867,0.15079402,0.03769740,0.02000000,367.96823485,0.25000000,0.18601230,0.51384382,6.80484975,0.00000000,0.00000000,9.18363957,0.00349610,1.01507976,0.04766997,0.00000000,0.00000000,0.00000000,0.00000000,0.77138676,0.35000546,0.65816597,0.82786218,0.93302887,0.77138676,0.35000546,0.65816597,0.82786218,0.93302887,-23.67086847,-46.61652077,0.96098530,0.82589485,-nan,-nan,-nan,-nan,0.00000000,0.00000000,0.00000000,0.00000000,0.00000000,0.00000000,nan,0.00000000,15.32438606
78, 67.80671119,2.95607954,2.95607954,0.00000000,29.95078947,275.22048243,54.89556238,1.31308332,0.15079444,0.03769880,0.02000000,367.96823485,0.25000000,0.18601230,0.51379800,6.80490315,0.00000000,0.00000000,9.18363957,0.00349513,1.01507976,0.04766191,0.00000000,0.00000000,0.00000000,0.00000000,0.77138129,0.35001021,0.65818501,0.82787280,0.93303170,0.77138129,0.35001021,0.65818501,0.82787280,0.93303170,-23.67095015,-46.61672391,0.96093375,0.82589485,-nan,-nan,-nan,-nan,0.00000000,0.00000000,0.00000000,0.00000000,0.00000000,0.00000000,nan,0.00000000,15.32887368
79, 67.80678170,2.95604520,2.95604520,0.00000000,29.95096335,275.22081290,54.89509522,1.31307974,0.15079476,0.03769982,0.02000000,367.96823485,0.25000000,0.18601230,0.51375438,6.80488975,0.00000000,0.00000000,9.18363957,0.00349396,1.01507976,0.04765443,0.00000000,0.00000000,0.00000000,0.00000000,0.77137604,0.35001491,0.65820298,0.82788557,0.93303396,0.77137604,0.35001491,0.65820298,0.82788557,0.93303396,-23.67103031,-46.61693258,0.96078429,0.82589485,-nan,-nan,-nan,-nan,0.00000000,0.00000000,0.00000000,0.00000000,0.00000000,0.00000000,nan,0.00000000,15.33288768
80, 67.80658515,2.95602884,2.95602884,0.00000000,29.95094534,275.21958288,54.89432812,1.31307671,0.15079493,0.03770080,0.02000000,367.96823485,0.25000000,0.18601230,0.51371669,6.80491062,0.00000000,0.00000000,9.18363957,0.00349278,1.01507976,0.04764746,0.00000000,0.00000000,0.00000000,0.00000000,0.77137080,0.35002067,0.65822060,0.82789037,0.93303662,0.77137080,0.35002067,0.65822060,0.82789037,0.93303662,-23.67110778,-46.61714032,0.96076730,0.82588331,-nan,-nan,-nan,-nan,0.00000000,0.00000000,0.00000000,0.00000000,0.00000000,0.00000000,nan,0.00000000,15.33653346
81, 67.80637499,2.95601417,2.95601417,0.00000000,29.95091742,275.21835895,54.89361735,1.31307397,0.15079508,0.03770167,0.02000000,367.96823485,0.25000000,0.18601230,0.51368216,6.80492885,0.00000000,0.00000000,9.18363957,0.00349156,1.01507976,0.04764096,0.00000000,0.00000000,0.00000000,0.00000000,0.77136537,0.35002672,0.65823768,0.82789981,0.93303882,0.77136537,0.35002672,0.65823768,0.82789981,0.93303882,-23.67118345,-46.61734738,0.96048859,0.82588331,-nan,-nan,-nan,-nan,0.00000000,0.00000000,0.00000000,0.00000000,0.00000000,0.00000000,nan,0.00000000,15.33988558
82, 67.80614002,2.95600194,2.95600194,0.00000000,29.95087159,275.21696291,54.89290252,1.31307127,0.15079522,0.03770249,0.02000000,367.96823485,0.25000000,0.18601230,0.51365037,6.80494948,0.00000000,0.00000000,9.18363957,0.00349031,1.01507976,0.04763475,0.00000000,0.00000000,0.00000000,0.00000000,0.77135996,0.35003246,0.65825462,0.82790882,0.93304042,0.77135996,0.35003246,0.65825462,0.82790882,0.93304042,-23.67125957,-46.61755677,0.96048834,0.82588331,-nan,-nan,-nan,-nan,0.00000000,0.00000000,0.00000000,0.00000000,0.00000000,0.00000000,nan,0.00000000,15.34299798
83, 67.80592623,2.95598957,2.95598957,0.00000000,29.95083338,275.21561776,54.89220855,1.31306856,0.15079538,0.03770331,0.02000000,367.96823485,0.25000000,0.18601230,0.51362053,6.80496977,0.00000000,0.00000000,9.18363957,0.00348919,1.01507976,0.04762873,0.00000000,0.00000000,0.00000000,0.00000000,0.77135461,0.35003778,0.65827387,0.82791529,0.93304184,0.77135461,0.35003778,0.65827387,0.82791529,0.93304184,-23.67133255,-46.61776448,0.96048841,0.82588331,-nan,-nan,-nan,-nan,0.00000000,0.00000000,0.00000000,0.00000000,0.00000000,0.00000000,nan,0.00000000,15.34591484
84, 67.80570466,2.95597807,2.95597807,0.00000000,29.95079185,275.21403158,54.89151102,1.31306552,0.15079560,0.03770410,0.02000000,367.96823485,0.25000000,0.18601230,0.51359262,6.80499474,0.00000000,0.00000000,9.18363957,0.00348826,1.01507976,0.04762309,0.00000000,0.00000000,0.00000000,0.00000000,0.77134944,0.35013626,0.65828834,0.82793015,0.93304285,0.77134944,0.35013626,0.65828834,0.82793015,0.93304285,-23.67140737,-46.61797220,0.96033036,0.82588331,-nan,-nan,-nan,-nan,0.00000000,0.00000000,0.00000000,0.00000000,0.00000000,0.00000000,nan,0.00000000,15.34866483
85, 67.80547465,2.95596751,2.95596751,0.00000000,29.95075074,275.21182350,54.89071952,1.31306133,0.15079600,0.03770496,0.02000000,367.96823485,0.25000000,0.18601230,0.51356622,6.80503358,0.00000000,0.00000000,9.18363957,0.00348778,1.01507976,0.04761785,0.00000000,0.00000000,0.00000000,0.00000000,0.77134439,0.35014116,0.65830235,0.82793131,0.93304398,0.77134439,0.35014116,0.65830235,0.82793131,0.93304398,-23.67148475,-46.61818295,0.96019539,0.82380833,-nan,-nan,-nan,-nan,0.00000000,0.00000000,0.00000000,0.00000000,0.00000000,0.00000000,nan,0.00000000,15.35128340
86, 67.80571461,2.95593742,2.95593742,0.00000000,29.95100817,275.21220465,54.89063836,1.31305703,0.15079662,0.03770556,0.02000000,367.96823485,0.25000000,0.18601230,0.51353804,6.80502504,0.00000000,0.00000000,9.18363957,0.00348761,1.01507976,0.04761294,0.00000000,0.00000000,0.00000000,0.00000000,0.77133939,0.35014606,0.65832240,0.82794690,0.93304511,0.77133939,0.35014606,0.65832240,0.82794690,0.93304511,-23.67156446,-46.61839393,0.96019544,0.82380833,-nan,-nan,-nan,-nan,0.00000000,0.00000000,0.00000000,0.00000000,0.00000000,0.00000000,nan,0.00000000,15.35373704
87, 67.80554983,2.95593367,2.95593367,0.00000000,29.95096330,275.21089693,54.89030959,1.31305514,0.15079682,0.03770582,0.02000000,367.96823485,0.25000000,0.18601230,0.51351455,6.80504277,0.00000000,0.00000000,9.18363957,0.00348680,1.01507976,0.04760862,0.00000000,0.00000000,0.00000000,0.00000000,0.77133395,0.35015000,0.65833684,0.82794442,0.93304639,0.77133395,0.35015000,0.65833684,0.82794442,0.93304639,-23.67163502,-46.61859480,0.96017373,0.82380833,-nan,-nan,-nan,-nan,0.00000000,0.00000000,0.00000000,0.00000000,0.00000000,0.00000000,nan,0.00000000,15.35604048
88, 67.80549600,2.95592467,2.95592467,0.00000000,29.95099230,275.21014436,54.89011072,1.31305301,0.15079709,0.03770609,0.02000000,367.96823485,0.25000000,0.18601230,0.51349135,6.80505065,0.00000000,0.00000000,9.18363957,0.00348608,1.01507976,0.04760448,0.00000000,0.00000000,0.00000000,0.00000000,0.77132868,0.35015383,0.65835097,0.82794662,0.93302401,0.77132868,0.35015383,0.65835097,0.82794662,0.93302401,-23.67171040,-46.61880168,0.95996444,0.82380833,-nan,-nan,-nan,-nan,0.00000000,0.00000000,0.00000000,0.00000000,0.00000000,0.00000000,nan,0.00000000,15.35824290
89, 67.80535393,2.95592105,2.95592105,0.00000000,29.95095926,275.20899074,54.88984640,1.31305125,0.15079729,0.03770629,0.02000000,367.96823485,0.25000000,0.18601230,0.51346971,6.80506462,0.00000000,0.00000000,9.18363957,0.00348523,1.01507976,0.04760026,0.00000000,0.00000000,0.00000000,0.00000000,0.77132320,0.35015767,0.65836500,0.82795306,0.93302396,0.77132320,0.35015767,0.65836500,0.82795306,0.93302396,-23.67178549,-46.61901399,0.95989642,0.82380833,-nan,-nan,-nan,-nan,0.00000000,0.00000000,0.00000000,0.00000000,0.00000000,0.00000000,nan,0.00000000,15.36036430
90, 67.80521001,2.95591726,2.95591726,0.00000000,29.95092872,275.20771284,54.88955348,1.31304920,0.15079753,0.03770653,0.02000000,367.96823485,0.25000000,0.18601230,0.51344869,6.80508117,0.00000000,0.00000000,9.18363957,0.00348437,1.01507976,0.04759609,0.00000000,0.00000000,0.00000000,0.00000000,0.77131783,0.35016149,0.65837882,0.82795840,0.93302402,0.77131783,0.35016149,0.65837882,0.82795840,0.93302402,-23.67186477,-46.61923240,0.95988031,0.82380833,-nan,-nan,-nan,-nan,0.00000000,0.00000000,0.00000000,0.00000000,0.00000000,0.00000000,nan,0.00000000,15.36243022
91, 67.80512232,2.95591096,2.95591096,0.00000000,29.95093820,275.20663646,54.88931361,1.31304683,0.15079784,0.03770679,0.02000000,367.96823485,0.25000000,0.18601230,0.51342788,6.80509479,0.00000000,0.00000000,9.18363957,0.00348362,1.01507976,0.04759222,0.00000000,0.00000000,0.00000000,0.00000000,0.77131248,0.35016515,0.65839242,0.82796364,0.93302456,0.77131248,0.35016515,0.65839242,0.82796364,0.93302456,-23.67194764,-46.61945759,0.95964737,0.82380833,-nan,-nan,-nan,-nan,0.00000000,0.00000000,0.00000000,0.00000000,0.00000000,0.00000000,nan,0.00000000,15.36443881
92, 67.80500783,2.95590698,2.95590698,0.00000000,29.95092448,275.20554586,54.88909003,1.31304489,0.15079808,0.03770697,0.02000000,367.96823485,0.25000000,0.18601230,0.51340794,6.80510760,0.00000000,0.00000000,9.18363957,0.00348264,1.01507976,0.04758867,0.00000000,0.00000000,0.00000000,0.00000000,0.77130722,0.35016847,0.65840587,0.82796951,0.93302606,0.77130722,0.35016847,0.65840587,0.82796951,0.93302606,-23.67203299,-46.61969048,0.95964572,0.82380833,-nan,-nan,-nan,-nan,0.00000000,0.00000000,0.00000000,0.00000000,0.00000000,0.00000000,nan,0.00000000,15.36638492
93, 67.80484976,2.95590552,2.95590552,0.00000000,29.95088112,275.20418643,54.88880272,1.31304295,0.15079831,0.03770718,0.02000000,367.96823485,0.25000000,0.18601230,0.51338890,6.80512589,0.00000000,0.00000000,9.18363957,0.00348158,1.01507976,0.04758535,0.00000000,0.00000000,0.00000000,0.00000000,0.77130174,0.35017173,0.65841910,0.82797493,0.93302545,0.77130174,0.35017173,0.65841910,0.82797493,0.93302545,-23.67211247,-46.61992746,0.95936948,0.82380833,-nan,-nan,-nan,-nan,0.00000000,0.00000000,0.00000000,0.00000000,0.00000000,0.00000000,nan,0.00000000,15.36827767
94, 67.80471786,2.95590264,2.95590264,0.00000000,29.95085836,275.20282092,54.88849794,1.31304059,0.15079860,0.03770744,0.02000000,367.96823485,0.25000000,0.18601230,0.51337008,6.80514616,0.00000000,0.00000000,9.18363957,0.00348047,1.01507976,0.04758222,0.00000000,0.00000000,0.00000000,0.00000000,0.77129636,0.35017484,0.65843197,0.82798442,0.93302621,0.77129636,0.35017484,0.65843197,0.82798442,0.93302621,-23.67219324,-46.62016851,0.95913267,0.82380833,-nan,-nan,-nan,-nan,0.00000000,0.00000000,0.00000000,0.00000000,0.00000000,0.00000000,nan,0.00000000,15.37012931
95, 67.80459244,2.95590055,2.95590055,0.00000000,29.95083773,275.20147136,54.88820043,1.31303823,0.15079888,0.03770769,0.02000000,367.96823485,0.25000000,0.18601230,0.51335154,6.80516730,0.00000000,0.00000000,9.18363957,0.00347935,1.01507976,0.04757926,0.00000000,0.00000000,0.00000000,0.00000000,0.77129061,0.35017806,0.65844468,0.82798314,0.93302735,0.77129061,0.35017806,0.65844468,0.82798314,0.93302735,-23.67226712,-46.62039908,0.95908644,0.82380833,-nan,-nan,-nan,-nan,0.00000000,0.00000000,0.00000000,0.00000000,0.00000000,0.00000000,nan,0.00000000,15.37194884
96, 67.80445353,2.95589971,2.95589971,0.00000000,29.95080462,275.19997993,54.88784949,1.31303578,0.15079917,0.03770799,0.02000000,367.96823485,0.25000000,0.18601230,0.51333346,6.80519370,0.00000000,0.00000000,9.18363957,0.00347817,1.01507976,0.04757649,0.00000000,0.00000000,0.00000000,0.00000000,0.77128479,0.35018119,0.65845716,0.82798986,0.93302902,0.77128479,0.35018119,0.65845716,0.82798986,0.93302902,-23.67233942,-46.62062891,0.95882218,0.82380833,-nan,-nan,-nan,-nan,0.00000000,0.00000000,0.00000000,0.00000000,0.00000000,0.00000000,nan,0.00000000,15.37373453
97, 67.80436974,2.95589653,2.95589653,0.00000000,29.95081246,275.19867926,54.88752286,1.31303291,0.15079952,0.03770835,0.02000000,367.96823485,0.25000000,0.18601230,0.51331530,6.80521847,0.00000000,0.00000000,9.18363957,0.00347689,1.01507976,0.04757389,0.00000000,0.00000000,0.00000000,0.00000000,0.77127903,0.35018421,0.65846931,0.82799402,0.93303095,0.77127903,0.35018421,0.65846931,0.82799402,0.93303095,-23.67241377,-46.62085732,0.95854329,0.82364723,-nan,-nan,-nan,-nan,0.00000000,0.00000000,0.00000000,0.00000000,0.00000000,0.00000000,nan,0.00000000,15.37548803
98, 67.80446421,2.95588788,2.95588788,0.00000000,29.95092067,275.19806513,54.88733167,1.31302955,0.15079999,0.03770875,0.02000000,367.96823485,0.25000000,0.18601230,0.51329642,6.80523753,0.00000000,0.00000000,9.18363957,0.00347564,1.01507976,0.04757144,0.00000000,0.00000000,0.00000000,0.00000000,0.77127286,0.35018742,0.65848135,0.82800367,0.93303316,0.77127286,0.35018742,0.65848135,0.82800367,0.93303316,-23.67247434,-46.62107223,0.95845645,0.82364723,-nan,-nan,-nan,-nan,0.00000000,0.00000000,0.00000000,0.00000000,0.00000000,0.00000000,nan,0.00000000,15.37718445
99, 67.79924242,2.95563076,2.95563076,0.00000000,29.94996036,275.16832174,54.87644652,1.31297887,0.15080404,0.03771997,0.02000000,367.96823485,0.25000000,0.18601230,0.51303069,6.80548693,0.00000000,0.00000000,9.18363957,0.00345529,1.01507976,0.04754079,0.00000000,0.00000000,0.00000000,0.00000000,0.77121031,0.35027586,0.65866416,0.82804185,0.93304091,0.77121031,0.35027586,0.65866416,0.82804185,0.93304091,-23.67211445,-46.62082379,0.95844996,0.82364723,-nan,-nan,-nan,-nan,0.00000000,0.00000000,0.00000000,0.00000000,0.00000000,0.00000000,nan,0.00000000,15.40516042
